{
  "project_info": {
    "project_number": "723884870152",
    "project_id": "instasure-customer",
    "storage_bucket": "instasure-customer.appspot.com"
  },
  "client": [
    {
      "client_info": {
        "mobilesdk_app_id": "1:723884870152:android:1e39f3b63262fb415f1fbd",
        "android_client_info": {
          "package_name": "com.instasure"
        }
      },
      "oauth_client": [
        {
          "client_id": "723884870152-bsntsd05ca68nf45haadt8bpkj6l3h3s.apps.googleusercontent.com",
          "client_type": 1,
          "android_info": {
            "package_name": "com.instasure",
            "certificate_hash": "88d49a3fe52f235c273f0e90236388f860a09c88"
          }
        },
        {
          "client_id": "723884870152-3t76ed11kk6p317igjq68cqnp2ksceun.apps.googleusercontent.com",
          "client_type": 3
        }
      ],
      "api_key": [
        {
          "current_key": "AIzaSyDaMoTppRdet4DMzjJSiElbm1EGtcj5eC8"
        }
      ],
      "services": {
        "appinvite_service": {
          "other_platform_oauth_client": [
            {
              "client_id": "723884870152-3t76ed11kk6p317igjq68cqnp2ksceun.apps.googleusercontent.com",
              "client_type": 3
            }
          ]
        }
      }
    }
  ],
  "configuration_version": "1"
}