{
  "project_info": {
    "project_number": "602601188729",
    "firebase_url": "https://instasure-app-default-rtdb.asia-southeast1.firebasedatabase.app",
    "project_id": "instasure-app",
    "storage_bucket": "instasure-app.appspot.com"
  },
  "client": [
    {
      "client_info": {
        "mobilesdk_app_id": "1:602601188729:android:3d048b93163e284a70d3a8",
        "android_client_info": {
          "package_name": "com.instasure"
        }
      },
      "oauth_client": [
        {
          "client_id": "602601188729-qp09fjfimkj2gsarqbdnhh0u8mj0nna4.apps.googleusercontent.com",
          "client_type": 1,
          "android_info": {
            "package_name": "com.instasure",
            "certificate_hash": "c5fff308b5a770855ceefd5ddc52bf06d95a411b"
          }
        },
        {
          "client_id": "602601188729-t2gc79qst749i4l8cal6edafecjpbvop.apps.googleusercontent.com",
          "client_type": 1,
          "android_info": {
            "package_name": "com.instasure",
            "certificate_hash": "8d767c883fdc1fb65e1d1f34b9229cb5018467a8"
          }
        },
        {
          "client_id": "602601188729-7g948jg5bokjvtt4fkc98o3ek7koosl4.apps.googleusercontent.com",
          "client_type": 3
        }
      ],
      "api_key": [
        {
          "current_key": "AIzaSyBaMBDzvfoGo24vcLdiBGqAKnLq5cCu2dk"
        }
      ],
      "services": {
        "appinvite_service": {
          "other_platform_oauth_client": [
            {
              "client_id": "602601188729-7g948jg5bokjvtt4fkc98o3ek7koosl4.apps.googleusercontent.com",
              "client_type": 3
            }
          ]
        }
      }
    }
  ],
  "configuration_version": "1"
}